
<Scene>
	<BackgroundColor>150 150 150</BackgroundColor>
	<Culling>enabled</Culling>
	<Cameras>
		<Camera id="1" type="perspective">
			<Position>-150 0 10</Position>
			<Gaze>1 0 0</Gaze>
			<Up>0 1 0</Up>
			<ImagePlane>-1 1 -1 1 2 1000 1000 1000</ImagePlane>
			<OutputName>flag_iceland_1.ppm</OutputName>
		</Camera>
		<Camera id="2" type="perspective">
			<Position>-150 0 30</Position>
			<Gaze>1 0 0</Gaze>
			<Up>0 1 0</Up>
			<ImagePlane>-1 1 -1 1 2 1000 1000 1000</ImagePlane>
			<OutputName>flag_iceland_2.ppm</OutputName>
		</Camera>
		<Camera id="3" type="perspective">
			<Position>0 0 150</Position>
			<Gaze>0 0 -1</Gaze>
			<Up>0 1 0</Up>
			<ImagePlane>-1 1 -1 1 2 1000 1000 1000</ImagePlane>
			<OutputName>flag_iceland_final.ppm</OutputName>
		</Camera>
	</Cameras>
	<Vertices>
		<Vertex id="1" position="-40.0 25.0 0.0" color="2 82 156" />
		<Vertex id="2" position="-40.0 -25.0 0.0" color="2 82 156" />
		<Vertex id="3" position="40.0 -25.0 0.0" color="2 82 156" />
		<Vertex id="4" position="40.0 25.0 0.0" color="2 82 156" />
		<Vertex id="5" position="40.0 -25.0 -5.0" color="0 0 255" />
		<Vertex id="6" position="40.0 25.0 -5.0" color="0 0 255" />
		<Vertex id="7" position="-40.0 25.0 -5.0" color="0 255 255" />
		<Vertex id="8" position="-40.0 -25.0 -5.0" color="0 255 255" />
		<Vertex id="9" position="-37.5 5.0 10.0" color="255 255 255" />
		<Vertex id="10" position="-37.5 -5.0 10.0" color="255 255 255" />
		<Vertex id="11" position="37.5 -5.0 10.0" color="255 255 255" />
		<Vertex id="12" position="37.5 5.0 10.0" color="255 255 255" />
		<Vertex id="13" position="37.5 -5.0 8.0" color="0 0 255" />
		<Vertex id="14" position="37.5 5.0 8.0" color="0 0 255" />
		<Vertex id="15" position="-37.5 5.0 8.0" color="0 255 255" />
		<Vertex id="16" position="-37.5 -5.0 8.0" color="0 255 255" />
		<Vertex id="17" position="-20.0 24.0 6.0" color="255 255 255" />
		<Vertex id="18" position="-20.0 -24.0 6.0" color="255 255 255" />
		<Vertex id="19" position="-9.5 -24.0 6.0" color="255 255 255" />
		<Vertex id="20" position="-9.5 24.0 6.0" color="255 255 255" />
		<Vertex id="21" position="-9.5 -24.0 4.0" color="0 0 255" />
		<Vertex id="22" position="-9.5 24.0 4.0" color="0 0 255" />
		<Vertex id="23" position="-20.0 24.0 4.0" color="0 255 255" />
		<Vertex id="24" position="-20.0 -24.0 4.0" color="0 255 255" />
		<Vertex id="25" position="-37.0 2.8 12.0" color="220 30 53" />
		<Vertex id="26" position="-37.0 -2.8 12.0" color="220 30 53" />
		<Vertex id="27" position="37.0 -2.8 12.0" color="220 30 53" />
		<Vertex id="28" position="37.0 2.8 12.0" color="220 30 53" />
		<Vertex id="29" position="37.0 -2.8 11.5" color="0 0 255" />
		<Vertex id="30" position="37.0 2.8 11.5" color="0 0 255" />
		<Vertex id="31" position="-37.0 2.8 11.5" color="0 255 255" />
		<Vertex id="32" position="-37.0 -2.8 11.5" color="0 255 255" />
		<Vertex id="33" position="-16.5 22.7 14.0" color="220 30 53" />
		<Vertex id="34" position="-16.5 -22.7 14.0" color="220 30 53" />
		<Vertex id="35" position="-11.2 -22.7 14.0" color="220 30 53" />
		<Vertex id="36" position="-11.2 22.7 14.0" color="220 30 53" />
		<Vertex id="37" position="-11.2 -22.7 13.5" color="0 0 255" />
		<Vertex id="38" position="-11.2 22.7 13.5" color="0 0 255" />
		<Vertex id="39" position="-16.5 22.7 13.5" color="0 255 255" />
		<Vertex id="40" position="-16.5 -22.7 13.5" color="0 255 255" />
	</Vertices>
	<Translations>
	</Translations>
	<Scalings>
	</Scalings>
	<Rotations>
	</Rotations>
	<Meshes>
		<Mesh id="1">
			1 2 3
			1 3 4
			8 3 2
			5 3 8
			4 3 5
			4 5 6
			6 5 8
			6 8 7
			7 1 4
			7 4 6
			7 2 1
			7 8 2
		</Mesh>
		<Mesh id="2">
			9 10 11
			9 11 12
			16 11 10
			13 11 16
			12 11 13
			12 13 14
			14 13 16
			14 16 15
			15 9 12
			15 12 14
			15 10 9
			15 16 10
		</Mesh>
		<Mesh id="3">
			17 18 19
			17 19 20
			24 19 18
			21 19 24
			20 19 21
			20 21 22
			22 21 24
			22 24 23
			23 17 20
			23 20 22
			23 18 17
			23 24 18
		</Mesh>
		<Mesh id="4">
			25 26 27
			25 27 28
			32 27 26
			29 27 32
			28 27 29
			28 29 30
			30 29 32
			30 32 31
			31 25 28
			31 28 30
			31 26 25
			31 32 26
		</Mesh>
		<Mesh id="5">
			33 34 35
			33 35 36
			40 35 34
			37 35 40
			36 35 37
			36 37 38
			38 37 40
			38 40 39
			39 33 36
			39 36 38
			39 34 33
			39 40 34
		</Mesh>
	</Meshes>
	<Instances>
		<Instance id="1" meshId="1" type="solid">
			<Transformations></Transformations>
		</Instance>
		<Instance id="2" meshId="2" type="solid">
			<Transformations></Transformations>
		</Instance>
		<Instance id="3" meshId="3" type="solid">
			<Transformations></Transformations>
		</Instance>
		<Instance id="4" meshId="4" type="solid">
			<Transformations></Transformations>
		</Instance>
		<Instance id="5" meshId="5" type="solid">
			<Transformations></Transformations>
		</Instance>
	</Instances>
</Scene>