
<Scene>
	<BackgroundColor>255 255 255</BackgroundColor>
	<Culling>enabled</Culling>
	<Cameras>
		<Camera id="1" type="perspective">
			<Position>0 0 60</Position>
			<Gaze>0 0.2 -1</Gaze>
			<Up>0 1 0</Up>
			<ImagePlane>-1 1 -1 1 2 1000 1000 1000</ImagePlane>
			<OutputName>flag_germany_1.ppm</OutputName>
		</Camera>
		<Camera id="2" type="perspective">
			<Position>0 -10 45</Position>
			<Gaze>0 0.25 -0.7</Gaze>
			<Up>0 1 0</Up>
			<ImagePlane>-1 1 -1 1 2 1000 1000 1000</ImagePlane>
			<OutputName>flag_germany_2.ppm</OutputName>
		</Camera>
		<Camera id="3" type="perspective">
			<Position>0 -25 30</Position>
			<Gaze>0 0.35 -0.5</Gaze>
			<Up>0 1 0</Up>
			<ImagePlane>-1 1 -1 1 2 1000 1000 1000</ImagePlane>
			<OutputName>flag_germany_3.ppm</OutputName>
		</Camera>
		<Camera id="4" type="perspective">
			<Position>0 -35 10</Position>
			<Gaze>0 0.4 -0.2</Gaze>
			<Up>0 1 0</Up>
			<ImagePlane>-1 1 -1 1 2 1000 1000 1000</ImagePlane>
			<OutputName>flag_germany_4.ppm</OutputName>
		</Camera>
		<Camera id="5" type="perspective">
			<Position>0 -40 2</Position>
			<Gaze>0 0.45 -0.15</Gaze>
			<Up>0 1 0</Up>
			<ImagePlane>-1 1 -1 1 2 1000 1000 1000</ImagePlane>
			<OutputName>flag_germany_5.ppm</OutputName>
		</Camera>
	</Cameras>
	<Vertices>
		<Vertex id="1" position="-10 0 0" color="0 0 0" />
		<Vertex id="2" position="-10 0 -10" color="0 0 0" />
		<Vertex id="3" position="0 10 -5" color="150 100 0" />
		<Vertex id="4" position="10 0 -10" color="0 0 0" />
		<Vertex id="5" position="10 0 0" color="0 0 0" />
		<Vertex id="6" position="-10 0 0" color="221 0 0" />
		<Vertex id="7" position="-10 0 -10" color="221 0 0" />
		<Vertex id="8" position="0 10 -5" color="0 255 150" />
		<Vertex id="9" position="10 0 -10" color="221 0 0" />
		<Vertex id="10" position="10 0 0" color="221 0 0" />
		<Vertex id="11" position="-10 0 0" color="255 206 0" />
		<Vertex id="12" position="-10 0 -10" color="255 206 0" />
		<Vertex id="13" position="0 10 -5" color="0 0 255" />
		<Vertex id="14" position="10 0 -10" color="255 206 0" />
		<Vertex id="15" position="10 0 0" color="255 206 0" />
	</Vertices>
	<Translations>
		<Translation id="1" value="1 0 0" />
		<Translation id="2" value="-1 0 0" />
		<Translation id="3" value="0 1 0" />
		<Translation id="4" value="0 -1 0" />
		<Translation id="5" value="0 0 1" />
		<Translation id="6" value="0 0 -1" />
		<Translation id="7" value="5 0 0" />
		<Translation id="8" value="-5 0 0" />
		<Translation id="9" value="0 5 0" />
		<Translation id="10" value="0 -5 0" />
		<Translation id="11" value="0 0 5" />
		<Translation id="12" value="0 0 -5" />
	</Translations>
	<Scalings>
		<Scaling id="1" value="1 0.5 1" />
		<Scaling id="2" value="1 2 1" />
	</Scalings>
	<Rotations>
	</Rotations>
	<Meshes>
		<Mesh id="1">
			14 15 11
			11 12 14
			11 13 12
			12 13 14
			14 13 15
			15 13 11
		</Mesh>
		<Mesh id="2">
			9 10 6
			6 7 9
			6 8 7
			7 8 9
			9 8 10
			10 3 6
		</Mesh>
		<Mesh id="3">
			4 5 1
			1 2 4
			1 3 2
			2 3 4
			4 3 5
			5 3 1
		</Mesh>
	</Meshes>
	<Instances>
		<Instance id="1" meshId="1" type="solid">
			<Transformations>
				<Transformation>t 12</Transformation>
				<Transformation>t 12</Transformation>
				<Transformation>t 12</Transformation>
				<Transformation>t 12</Transformation>
				<Transformation>s 2</Transformation>
			</Transformations>
		</Instance>
		<Instance id="2" meshId="2" type="solid">
			<Transformations>
				<Transformation>t 12</Transformation>
				<Transformation>t 12</Transformation>
			</Transformations>
		</Instance>
		<Instance id="3" meshId="3" type="solid">
			<Transformations>
				<Transformation>s 1</Transformation>
			</Transformations>
		</Instance>
	</Instances>
</Scene>