
<Scene>
	<BackgroundColor>255 255 255</BackgroundColor>
	<Culling>enabled</Culling>
	<Cameras>
		<Camera id="1" type="perspective">
			<Position>-10 -40 -26</Position>
			<Gaze>1 1 -0.2</Gaze>
			<Up>0 1 0</Up>
			<ImagePlane>-1 1 -1 1 2 1000 700 700</ImagePlane>
			<OutputName>filled_box_1.ppm</OutputName>
		</Camera>
		<Camera id="2" type="perspective">
			<Position>-20 -28 -23</Position>
			<Gaze>1 0.5 -0.2</Gaze>
			<Up>0 1 0</Up>
			<ImagePlane>-1 1 -1 1 2 1000 700 700</ImagePlane>
			<OutputName>filled_box_2.ppm</OutputName>
		</Camera>
		<Camera id="3" type="perspective">
			<Position>-15 -2 -23</Position>
			<Gaze>1 -0.3 -0.2</Gaze>
			<Up>0 1 0</Up>
			<ImagePlane>-1 1 -1 1 2 1000 700 700</ImagePlane>
			<OutputName>filled_box_3.ppm</OutputName>
		</Camera>
		<Camera id="4" type="perspective">
			<Position>9 5 0</Position>
			<Gaze>0.1 -0.3 -0.5</Gaze>
			<Up>0 1 0</Up>
			<ImagePlane>-1 1 -1 1 2 1000 700 700</ImagePlane>
			<OutputName>filled_box_4.ppm</OutputName>
		</Camera>
		<Camera id="5" type="perspective">
			<Position>40 0 -10</Position>
			<Gaze>-0.5 -0.3 -0.3</Gaze>
			<Up>0 1 0</Up>
			<ImagePlane>-1 1 -1 1 2 1000 700 700</ImagePlane>
			<OutputName>filled_box_5.ppm</OutputName>
		</Camera>
		<Camera id="6" type="perspective">
			<Position>45 -5 -23</Position>
			<Gaze>-1 -0.3 -0.2</Gaze>
			<Up>0 1 0</Up>
			<ImagePlane>-1 1 -1 1 2 1000 700 700</ImagePlane>
			<OutputName>filled_box_6.ppm</OutputName>
		</Camera>
		<Camera id="7" type="perspective">
			<Position>50 -28 -23</Position>
			<Gaze>-1 0.5 -0.2</Gaze>
			<Up>0 1 0</Up>
			<ImagePlane>-1 1 -1 1 2 1000 700 700</ImagePlane>
			<OutputName>filled_box_7.ppm</OutputName>
		</Camera>
		<Camera id="8" type="perspective">
			<Position>40 -40 -26</Position>
			<Gaze>-1 1 -0.2</Gaze>
			<Up>0 1 0</Up>
			<ImagePlane>-1 1 -1 1 2 1000 700 700</ImagePlane>
			<OutputName>filled_box_8.ppm</OutputName>
		</Camera>
		<Camera id="9" type="perspective">
			<Position>0 5 0</Position>
			<Gaze>0.1 -0.3 -0.5</Gaze>
			<Up>0 1 0</Up>
			<ImagePlane>-1 1 -1 1 2 1000 700 700</ImagePlane>
			<OutputName>filled_box_example.ppm</OutputName>
		</Camera>
	</Cameras>
	<Vertices>
		<Vertex id="1" position="1.0 1.0 -1.0" color="100 100 100" />
		<Vertex id="2" position="-1.0 1.0 -1.0" color="255 0 0" />
		<Vertex id="3" position="-1.0 1.0 1.0" color="0 255 0" />
		<Vertex id="4" position="1.0 1.0 1.0" color="0 0 255" />
		<Vertex id="5" position="1.0 -1.0 -1.0" color="0 0 255" />
		<Vertex id="6" position="-1.0 -1.0 -1.0" color="0 255 0" />
		<Vertex id="7" position="-1.0 -1.0 1.0" color="255 0 0" />
		<Vertex id="8" position="1.0 -1.0 1.0" color="100 100 100" />
	</Vertices>
	<Translations>
		<Translation id="1" value="0.0 10.0 0.0" />
		<Translation id="2" value="3.0 -3.0 -6.0" />
	</Translations>
	<Scalings>
		<Scaling id="1" value="5.2 5.2 5.2" />
	</Scalings>
	<Rotations>
		<Rotation id="1" value="45 0.0 1.0 0.0" />
		<Rotation id="2" value="60 0.8 0.6 0.0" />
		<Rotation id="3" value="20 1.0 0.0 0.0" />
	</Rotations>
	<Meshes>
		<Mesh id="1">
			7 8 4
			7 4 3
			8 5 1
			8 1 4
			6 3 2
			6 7 3
			3 4 1
			3 1 2
			6 2 5
			2 1 5
			5 8 6
			7 6 8
		</Mesh>
	</Meshes>
	<Instances>
		<Instance id="1" meshId="1" type="solid">
			<Transformations>
				<Transformation>r 1</Transformation>
				<Transformation>t 2</Transformation>
				<Transformation>s 1</Transformation>
			</Transformations>
		</Instance>
	</Instances>
</Scene>